id,price
0,3
1,3
2,3
3,3
4,2
5,2
6,1
7,5
8,4
9,0
10,0
11,4
12,1
13,3
14,3
15,0
16,0
17,2
18,1
19,1
20,4
21,2
22,1
23,1
24,3
25,0
26,3
27,3
28,4
29,3
30,0
31,3
32,3
33,4
34,5
35,1
36,0
37,1
38,1
39,5
40,2
41,1
42,0
43,4
44,1
45,2
46,2
47,0
48,5
49,3
50,5
51,0
52,3
53,4
54,1
55,2
56,0
57,1
58,1
59,0
60,3
61,0
62,0
63,4
64,3
65,1
66,1
67,3
68,2
69,2
70,2
71,1
72,1
73,0
74,0
75,3
76,0
77,0
78,4
79,0
80,0
81,0
82,4
83,4
84,1
85,0
86,1
87,0
88,2
89,0
90,0
91,1
92,3
93,3
94,0
95,1
96,0
97,2
98,4
99,1
100,0
101,3
102,1
103,1
104,0
105,3
106,0
107,3
108,3
109,0
110,3
111,1
112,0
113,1
114,0
115,3
116,0
117,3
118,3
119,0
120,3
121,1
122,0
123,5
124,3
125,5
126,1
127,0
128,1
129,3
130,3
131,1
132,3
133,0
134,2
135,2
136,3
137,0
138,4
139,2
140,0
141,1
142,4
143,3
144,0
145,4
146,1
147,3
148,0
149,3
150,3
151,3
152,4
153,2
154,0
155,1
156,0
157,3
158,1
159,0
160,1
161,0
162,2
163,0
164,1
165,0
166,2
167,3
168,3
169,1
170,3
171,5
172,3
173,1
174,0
175,3
176,4
177,1
178,5
179,2
180,1
181,1
182,3
183,3
184,0
185,4
186,1
187,2
188,0
189,3
190,4
191,0
192,0
193,0
194,3
195,3
196,0
197,1
198,0
199,3
200,2
201,0
202,0
203,0
204,2
205,1
206,5
207,2
208,0
209,3
210,1
211,0
212,3
213,3
214,0
215,5
216,1
217,0
218,1
219,1
220,0
221,0
222,1
223,3
224,0
225,3
226,4
227,2
228,1
229,0
230,3
231,1
232,2
233,3
234,1
235,0
236,0
237,4
238,3
239,1
240,1
241,4
242,3
243,3
244,1
245,5
246,3
247,1
248,0
249,0
250,3
251,0
252,0
253,2
254,3
255,1
256,1
257,0
258,4
259,2
260,4
261,3
262,2
263,0
264,3
265,2
266,1
267,0
268,2
269,1
270,0
271,2
272,2
273,0
274,1
275,0
276,0
277,3
278,0
279,3
280,4
281,2
282,0
283,1
284,4
285,2
286,3
287,1
288,3
289,3
290,0
291,2
292,5
293,1
294,0
295,4
296,1
297,3
298,4
299,4
300,0
301,0
302,0
303,3
304,5
305,1
306,1
307,1
308,4
309,3
310,0
311,2
312,0
313,0
314,2
315,4
316,0
317,1
318,1
319,1
320,0
321,2
322,1
323,5
324,1
325,0
326,5
327,5
328,0
329,3
330,0
331,5
332,4
333,0
334,3
335,0
336,2
337,0
338,0
339,2
340,1
341,1
342,3
343,3
344,5
345,0
346,4
347,0
348,3
349,4
350,1
351,1
352,4
353,5
354,2
355,4
356,3
357,1
358,0
359,0
360,3
361,0
362,1
363,1
364,3
365,1
366,1
367,3
368,3
369,0
370,1
371,0
372,0
373,4
374,1
375,1
376,4
377,3
378,3
379,0
380,1
381,0
382,3
383,0
384,4
385,2
386,0
387,3
388,0
389,0
390,3
391,2
392,3
393,1
394,0
395,5
396,1
397,2
398,0
399,1
400,4
401,3
402,1
403,0
404,2
405,3
406,4
407,3
408,1
409,0
410,0
411,1
412,3
413,1
414,2
415,1
416,1
417,3
418,3
419,3
420,1
421,1
422,3
423,0
424,0
425,1
426,1
427,2
428,0
429,5
430,2
431,2
432,1
433,4
434,3
435,1
436,1
437,3
438,5
439,3
440,0
441,2
442,3
443,2
444,0
445,3
446,2
447,3
448,5
449,3
450,2
451,1
452,0
453,0
454,0
455,3
456,0
457,2
458,0
459,5
460,0
461,3
462,0
463,2
464,3
465,3
466,1
467,1
468,0
469,0
470,0
471,3
472,2
473,1
474,4
475,3
476,2
477,3
478,0
479,0
480,1
481,3
482,2
483,0
484,5
485,1
486,3
487,3
488,4
489,1
490,1
491,3
492,0
493,3
494,3
495,3
496,1
497,3
498,4
499,0
500,2
501,1
502,2
503,1
504,2
505,0
506,0
507,5
508,2
509,1
510,1
511,2
512,1
513,0
514,3
515,0
516,1
517,0
518,0
519,3
520,1
521,1
522,4
523,3
524,2
525,0
526,0
527,0
528,0
529,0
530,1
531,3
532,3
533,5
534,0
535,5
536,3
537,0
538,1
539,3
540,4
541,1
542,0
543,1
544,3
545,4
546,0
547,2
548,4
549,0
550,1
551,1
552,0
553,0
554,4
555,1
556,3
557,4
558,5
559,3
560,0
561,3
562,1
563,2
564,2
565,0
566,1
567,1
568,0
569,3
570,3
571,0
572,4
573,2
574,1
575,4
576,3
577,1
578,5
579,1
580,4
581,0
582,3
583,0
584,2
585,0
586,1
587,4
588,5
589,4
590,3
591,1
592,0
593,2
594,0
595,1
596,2
597,3
598,1
599,1
600,4
601,3
602,4
603,5
604,3
605,1
606,1
607,5
608,3
609,2
610,4
611,3
612,2
613,2
614,3
615,3
616,4
617,1
618,0
619,0
620,0
621,0
622,4
623,1
624,1
625,0
626,3
627,0
628,2
629,2
630,5
631,0
632,3
633,3
634,0
635,3
636,1
637,3
638,1
639,0
640,3
641,0
642,2
643,0
644,1
645,2
646,0
647,3
648,2
649,1
650,1
651,3
652,0
653,0
654,3
655,3
656,4
657,3
658,1
659,0
660,0
661,2
662,3
663,0
664,2
665,3
666,0
667,0
668,1
669,2
670,1
671,3
672,1
673,0
674,3
675,0
676,0
677,0
678,5
679,3
680,1
681,4
682,3
683,4
684,4
685,1
686,4
687,3
688,5
689,3
690,0
691,0
692,3
693,3
694,0
695,1
696,0
697,5
698,0
699,1
700,2
701,2
702,3
703,0
704,3
705,3
706,3
707,1
708,4
709,3
710,2
711,1
712,0
713,3
714,0
715,0
716,3
717,3
718,0
719,1
720,0
721,1
722,0
723,3
724,0
725,0
726,3
727,4
728,1
729,3
730,0
731,4
732,1
733,0
734,2
735,0
736,3
737,3
738,5
739,3
740,4
741,0
742,0
743,3
744,0
745,0
746,1
747,0
748,1
749,0
750,5
751,1
752,1
753,3
754,4
755,4
756,4
757,3
758,3
759,1
760,3
761,1
762,1
763,2
764,3
765,5
766,1
767,1
768,1
769,0
770,5
771,3
772,3
773,2
774,0
775,4
776,0
777,3
778,3
779,1
780,0
781,1
782,0
783,1
784,0
785,2
786,0
787,0
788,3
789,2
790,5
791,2
792,2
793,1
794,1
795,0
796,4
797,0
798,0
799,0
800,3
801,3
802,5
803,1
804,1
805,1
806,4
807,0
808,3
809,0
810,1
811,1
812,0
813,1
814,3
815,2
816,1
817,1
818,4
819,3
820,3
821,3
822,3
823,0
824,2
825,0
826,0
827,4
828,1
829,3
830,3
831,3
832,1
833,4
834,0
835,1
836,0
837,5
838,1
839,3
840,3
841,0
842,0
843,1
844,1
845,5
846,2
847,1
848,2
849,0
850,5
851,4
852,3
853,5
854,1
855,0
856,0
857,2
858,5
859,0
860,0
861,3
862,1
863,2
864,4
865,2
866,1
867,5
868,0
869,1
870,3
871,1
872,3
873,5
874,4
875,3
876,0
877,0
878,0
879,1
880,2
881,0
882,3
883,3
884,3
885,1
886,3
887,4
888,1
889,0
890,1
891,4
892,0
893,0
894,1
895,5
896,1
897,1
898,1
899,5
900,0
901,0
902,3
903,4
904,3
905,0
906,0
907,1
908,0
909,0
910,1
911,0
912,4
913,3
914,3
915,1
916,0
917,1
918,2
919,0
920,3
921,1
922,3
923,5
924,2
925,5
926,1
927,0
928,1
929,1
930,3
931,5
932,1
933,1
934,0
935,0
936,1
937,0
938,3
939,0
940,0
941,3
942,5
943,3
944,3
945,3
946,1
947,2
948,0
949,1
950,4
951,1
952,3
953,3
954,0
955,0
956,1
957,2
958,5
959,1
960,5
961,1
962,4
963,3
964,0
965,5
966,2
967,0
968,3
969,3
970,5
971,3
972,3
973,3
974,0
975,0
976,0
977,0
978,1
979,1
980,2
981,1
982,2
983,2
984,0
985,2
986,3
987,0
988,2
989,0
990,0
991,1
992,0
993,1
994,5
995,0
996,3
997,4
998,3
999,0
1000,1
1001,3
1002,4
1003,2
1004,5
1005,4
1006,0
1007,2
1008,0
1009,3
1010,1
1011,2
1012,5
1013,3
1014,2
1015,1
1016,2
1017,0
1018,0
1019,1
1020,4
1021,3
1022,4
1023,0
1024,2
1025,0
1026,3
1027,0
1028,0
1029,3
1030,5
1031,2
1032,2
1033,2
1034,4
1035,3
1036,2
1037,0
1038,4
1039,0
1040,0
1041,4
1042,0
1043,3
1044,0
1045,0
1046,0
1047,0
1048,1
1049,4
1050,5
1051,3
1052,0
1053,0
1054,0
1055,1
1056,0
1057,4
1058,0
1059,5
1060,4
1061,3
1062,2
1063,3
1064,1
1065,3
1066,0
1067,3
1068,2
1069,0
1070,5
1071,3
1072,0
1073,5
1074,0
1075,1
1076,3
1077,0
1078,3
1079,3
1080,3
1081,3
1082,3
1083,0
1084,4
1085,1
1086,3
1087,4
1088,3
1089,1
1090,1
1091,4
1092,1
1093,3
1094,0
1095,1
1096,0
1097,1
1098,5
1099,0
1100,2
1101,3
1102,0
1103,2
1104,2
1105,0
1106,0
1107,0
1108,3
1109,0
1110,1
1111,1
1112,0
1113,0
1114,3
1115,3
1116,0
1117,3
1118,1
1119,3
1120,1
1121,3
1122,3
1123,5
1124,2
1125,0
1126,1
1127,0
1128,2
1129,1
1130,0
1131,1
1132,1
1133,1
1134,1
1135,1
1136,0
1137,2
1138,0
1139,3
1140,0
1141,4
1142,3
1143,3
1144,1
1145,2
1146,2
1147,2
1148,5
1149,0
1150,1
1151,1
1152,4
1153,2
1154,2
1155,3
1156,4
1157,1
1158,0
1159,3
1160,0
1161,0
1162,1
1163,3
1164,1
1165,3
1166,5
1167,0
1168,1
1169,3
1170,4
1171,0
1172,1
1173,0
1174,1
1175,2
1176,3
1177,5
1178,0
1179,3
1180,4
1181,2
1182,3
1183,1
1184,1
1185,0
1186,0
1187,3
1188,5
1189,0
1190,0
1191,0
1192,1
1193,0
1194,4
1195,3
1196,1
1197,1
1198,0
1199,0
1200,5
1201,0
1202,3
1203,1
1204,1
1205,4
1206,3
1207,0
1208,5
1209,1
1210,1
1211,3
1212,3
1213,2
1214,1
1215,1
1216,4
1217,3
1218,4
1219,1
1220,1
1221,2
1222,1
1223,1
1224,2
1225,0
1226,0
1227,2
1228,1
1229,3
1230,4
1231,2
1232,3
1233,0
1234,3
1235,1
1236,1
1237,1
1238,0
1239,4
1240,0
1241,3
1242,1
1243,2
1244,0
1245,0
1246,2
1247,5
1248,5
1249,3
1250,0
1251,4
1252,1
1253,3
1254,0
1255,0
1256,0
1257,1
1258,1
1259,1
1260,1
1261,0
1262,4
1263,3
1264,3
1265,4
1266,1
1267,0
1268,3
1269,0
1270,0
1271,3
1272,2
1273,3
1274,4
1275,2
1276,1
1277,0
1278,4
1279,1
1280,3
1281,1
1282,0
1283,1
1284,5
1285,5
1286,1
1287,0
1288,0
1289,4
1290,5
1291,5
1292,1
1293,2
1294,0
1295,0
1296,3
1297,3
1298,0
1299,0
1300,3
1301,5
1302,4
1303,0
1304,0
1305,3
1306,1
1307,3
1308,0
1309,0
1310,1
1311,3
1312,5
1313,1
1314,1
1315,0
1316,4
1317,0
1318,1
1319,0
1320,1
1321,3
1322,4
1323,0
1324,4
1325,3
1326,1
1327,0
1328,0
1329,3
1330,1
1331,1
1332,4
1333,0
1334,3
1335,1
1336,4
1337,4
1338,3
1339,2
1340,5
1341,0
1342,4
1343,4
1344,2
1345,2
1346,4
1347,1
1348,0
1349,1
1350,1
1351,4
1352,4
1353,4
1354,1
1355,0
1356,2
1357,1
1358,5
1359,3
1360,1
1361,0
1362,4
1363,1
1364,0
1365,3
1366,3
1367,0
1368,2
1369,3
1370,3
1371,1
1372,0
1373,1
1374,0
1375,1
1376,2
1377,2
1378,0
1379,0
1380,1
1381,2
1382,3
1383,1
1384,5
1385,1
1386,0
1387,3
1388,5
1389,0
1390,0
1391,5
1392,3
1393,1
1394,3
1395,3
1396,0
1397,2
1398,1
1399,1
1400,1
1401,0
1402,0
1403,2
1404,4
1405,4
1406,0
1407,5
1408,4
1409,4
1410,0
1411,3
1412,3
1413,0
1414,3
1415,1
1416,3
1417,5
1418,5
1419,1
1420,1
1421,0
1422,3
1423,0
1424,3
1425,0
1426,1
1427,3
1428,2
1429,3
1430,2
1431,3
1432,3
1433,5
1434,1
1435,4
1436,0
1437,3
1438,3
1439,4
1440,3
1441,3
1442,2
1443,0
1444,3
1445,4
1446,3
1447,2
1448,5
1449,2
1450,1
1451,1
1452,0
1453,1
1454,3
1455,2
1456,1
1457,5
1458,3
1459,0
1460,2
1461,3
1462,3
1463,0
1464,1
1465,3
1466,0
1467,1
1468,0
1469,3
1470,3
1471,4
1472,5
1473,4
1474,0
1475,3
1476,2
1477,5
1478,0
1479,1
1480,4
1481,1
1482,2
1483,2
1484,1
1485,0
1486,1
1487,2
1488,4
1489,3
1490,1
1491,0
1492,3
1493,3
1494,1
1495,5
1496,0
1497,1
1498,5
1499,1
1500,0
1501,1
1502,0
1503,3
1504,0
1505,0
1506,3
1507,0
1508,0
1509,1
1510,1
1511,1
1512,3
1513,0
1514,2
1515,5
1516,0
1517,1
1518,1
1519,5
1520,3
1521,1
1522,0
1523,2
1524,3
1525,4
1526,3
1527,1
1528,1
1529,0
1530,3
1531,0
1532,4
1533,1
1534,4
1535,1
1536,3
1537,1
1538,4
1539,3
1540,0
1541,0
1542,5
1543,2
1544,0
1545,2
1546,5
1547,0
1548,5
1549,3
1550,0
1551,2
1552,3
1553,0
1554,1
1555,0
1556,1
1557,5
1558,1
1559,3
1560,0
1561,1
1562,1
1563,0
1564,1
1565,0
1566,1
1567,0
1568,0
1569,3
1570,1
1571,0
1572,4
1573,2
1574,0
1575,0
1576,3
1577,5
1578,2
1579,4
1580,3
1581,5
1582,4
1583,0
1584,1
1585,0
1586,3
1587,0
1588,3
1589,0
1590,1
1591,1
1592,2
1593,1
1594,2
1595,0
1596,2
1597,3
1598,2
1599,1
1600,1
1601,0
1602,1
1603,3
1604,0
1605,0
1606,1
1607,1
1608,3
1609,3
1610,1
1611,1
1612,3
1613,0
1614,2
1615,3
1616,2
1617,3
1618,0
1619,0
1620,3
1621,2
1622,3
1623,0
1624,1
1625,1
1626,3
1627,0
1628,3
1629,3
1630,5
1631,2
1632,1
1633,5
1634,3
1635,1
1636,0
1637,3
1638,1
1639,1
1640,2
1641,5
1642,3
1643,1
1644,3
1645,3
1646,5
1647,1
1648,0
1649,0
1650,0
1651,0
1652,1
1653,0
1654,1
1655,5
1656,0
1657,5
1658,0
1659,4
1660,1
1661,1
1662,1
1663,5
1664,1
1665,1
1666,1
1667,3
1668,0
1669,3
1670,5
1671,3
1672,0
1673,1
1674,0
1675,0
1676,5
1677,1
1678,1
1679,5
1680,0
1681,1
1682,2
1683,1
1684,3
1685,0
1686,2
1687,1
1688,4
1689,3
1690,1
1691,1
1692,5
1693,0
1694,3
1695,4
1696,1
1697,0
1698,3
1699,0
1700,0
1701,3
1702,4
1703,1
1704,1
1705,5
1706,3
1707,3
1708,1
1709,0
1710,1
1711,0
1712,0
1713,1
1714,0
1715,3
1716,1
1717,2
1718,3
1719,0
1720,3
1721,0
1722,5
1723,0
1724,3
1725,4
1726,2
1727,5
1728,0
1729,0
1730,1
1731,3
1732,4
1733,5
1734,0
1735,2
1736,3
1737,0
1738,3
1739,0
1740,2
1741,1
1742,1
1743,5
1744,2
1745,4
1746,2
1747,4
1748,2
1749,5
1750,0
1751,3
1752,0
1753,5
1754,0
1755,3
1756,0
1757,1
1758,3
1759,2
1760,1
1761,1
1762,1
1763,4
1764,1
1765,0
1766,0
1767,0
1768,0
1769,5
1770,4
1771,0
1772,3
1773,3
1774,0
1775,0
1776,1
1777,0
1778,3
1779,1
1780,4
1781,5
1782,1
1783,0
1784,2
1785,2
1786,0
1787,0
1788,0
1789,4
1790,4
1791,1
1792,0
1793,0
1794,5
1795,1
1796,3
1797,3
1798,4
1799,0
1800,1
1801,0
1802,0
1803,0
1804,3
1805,0
1806,0
1807,4
1808,3
1809,3
1810,0
1811,4
1812,3
1813,3
1814,3
1815,0
1816,1
1817,3
1818,1
1819,4
1820,1
1821,0
1822,3
1823,3
1824,2
1825,3
1826,0
1827,3
1828,3
1829,1
1830,2
1831,0
1832,5
1833,1
1834,0
1835,5
1836,3
1837,3
1838,1
1839,1
1840,0
1841,1
1842,0
1843,0
1844,3
1845,4
1846,3
1847,4
1848,3
1849,1
1850,0
1851,4
1852,1
1853,0
1854,2
1855,3
1856,1
1857,1
1858,4
1859,0
1860,0
1861,0
1862,3
1863,1
1864,0
1865,1
1866,3
1867,3
1868,3
1869,1
1870,0
1871,3
1872,3
1873,0
1874,3
1875,4
1876,2
1877,0
1878,1
1879,0
1880,3
1881,4
1882,2
1883,1
1884,3
1885,1
1886,2
1887,1
1888,2
1889,0
1890,2
1891,0
1892,0
1893,1
1894,1
1895,1
1896,3
1897,4
1898,3
1899,1
1900,4
1901,4
1902,4
1903,1
1904,0
1905,2
1906,3
1907,1
1908,3
1909,0
1910,4
1911,3
1912,1
1913,3
1914,1
1915,3
1916,0
1917,4
1918,0
1919,3
1920,1
1921,5
1922,0
1923,3
1924,0
1925,3
1926,0
1927,4
1928,3
1929,0
1930,0
1931,3
1932,2
1933,0
1934,5
1935,0
1936,3
1937,3
1938,1
1939,3
1940,0
1941,0
1942,3
1943,1
1944,0
1945,4
1946,1
1947,1
1948,0
1949,0
1950,5
1951,1
1952,4
1953,3
1954,0
1955,2
1956,3
1957,2
1958,3
1959,1
1960,3
1961,3
1962,3
1963,3
1964,1
1965,3
1966,2
1967,0
1968,1
1969,4
1970,1
1971,5
1972,0
1973,3
1974,1
1975,3
1976,2
1977,3
1978,1
1979,4
1980,0
1981,1
1982,0
1983,3
1984,5
1985,1
1986,2
1987,1
1988,3
1989,0
1990,1
1991,4
1992,1
1993,0
1994,1
1995,1
1996,0
1997,0
1998,3
1999,3
2000,0
2001,3
2002,2
2003,3
2004,3
2005,0
2006,4
2007,5
2008,1
2009,4
2010,4
2011,3
2012,1
2013,0
2014,5
2015,2
2016,2
2017,3
2018,3
2019,1
2020,1
2021,2
2022,4
2023,4
2024,0
2025,1
2026,3
2027,0
2028,0
2029,1
2030,0
2031,5
2032,4
2033,0
2034,3
2035,0
2036,3
2037,0
2038,0
2039,1
2040,0
2041,1
2042,0
2043,3
2044,5
2045,0
2046,4
2047,4
2048,1
2049,0
2050,2
2051,3
2052,1
2053,3
2054,3
2055,0
2056,1
2057,3
2058,1
2059,2
2060,0
2061,1
2062,0
2063,5
2064,1
2065,3
2066,4
2067,0
2068,0
2069,4
2070,5
2071,0
2072,1
2073,3
2074,5
2075,1
2076,3
2077,3
2078,4
2079,1
2080,0
2081,0
2082,1
2083,0
2084,0
2085,0
2086,0
2087,0
2088,5
2089,4
2090,1
2091,2
2092,5
2093,4
2094,0
2095,1
2096,3
2097,1
2098,0
2099,0
2100,3
2101,1
2102,1
2103,4
2104,0
2105,1
2106,0
2107,1
2108,3
2109,1
2110,0
2111,3
2112,0
2113,4
2114,3
2115,0
2116,1
2117,1
2118,3
2119,0
2120,2
2121,4
2122,5
2123,0
2124,3
2125,3
2126,2
2127,3
2128,1
2129,0
2130,0
2131,0
2132,1
2133,3
2134,4
2135,3
2136,1
2137,4
2138,0
2139,3
2140,3
2141,3
2142,0
2143,3
2144,1
2145,4
2146,0
2147,4
2148,5
2149,1
2150,1
2151,0
2152,1
2153,0
2154,3
2155,0
2156,2
2157,3
2158,0
2159,2
2160,1
2161,5
2162,0
2163,2
2164,1
2165,5
2166,4
2167,1
2168,1
2169,0
2170,4
2171,3
2172,0
2173,3
2174,2
2175,5
2176,0
2177,0
2178,3
2179,0
2180,0
2181,3
2182,1
2183,0
2184,3
2185,0
2186,0
2187,4
2188,5
2189,1
2190,2
2191,0
2192,1
2193,2
2194,0
2195,0
2196,4
2197,0
2198,0
2199,0
2200,3
2201,4
2202,5
2203,1
2204,1
2205,3
2206,4
2207,0
2208,3
2209,1
2210,4
2211,1
2212,0
2213,4
2214,3
2215,2
2216,3
2217,0
2218,3
2219,3
2220,4
2221,4
2222,0
2223,3
2224,1
2225,0
2226,1
2227,0
2228,1
2229,0
2230,0
2231,4
2232,3
2233,3
2234,3
2235,1
2236,1
2237,0
2238,3
2239,3
2240,5
2241,3
2242,1
2243,3
2244,0
2245,1
2246,0
2247,0
2248,0
2249,2
2250,3
2251,0
2252,0
2253,2
2254,1
2255,0
2256,3
2257,1
2258,1
2259,3
2260,3
2261,0
2262,0
2263,5
2264,2
2265,3
2266,3
2267,2
2268,5
2269,3
2270,1
2271,0
2272,3
2273,1
2274,3
2275,3
2276,3
2277,0
2278,1
2279,1
2280,0
2281,1
2282,3
2283,1
2284,0
2285,4
2286,4
2287,2
2288,0
2289,0
2290,1
2291,4
2292,1
2293,3
2294,1
2295,1
2296,2
2297,3
2298,3
2299,0
2300,3
2301,1
2302,3
2303,4
2304,0
2305,3
2306,3
2307,1
2308,2
2309,4
2310,2
2311,4
2312,3
2313,4
2314,2
2315,1
2316,5
2317,3
2318,0
2319,0
2320,0
2321,0
2322,1
2323,2
2324,0
2325,4
2326,0
2327,1
2328,3
2329,3
2330,3
2331,3
2332,3
2333,0
2334,0
2335,0
2336,2
2337,1
2338,2
2339,1
2340,0
2341,0
2342,1
2343,1
2344,3
2345,3
2346,0
2347,1
2348,1
2349,4
2350,3
2351,2
2352,5
2353,0
2354,3
2355,4
2356,3
2357,3
2358,0
2359,0
2360,0
2361,4
2362,5
2363,0
2364,1
2365,3
2366,0
2367,4
2368,0
2369,1
2370,3
2371,1
2372,4
2373,1
2374,0
2375,1
2376,3
2377,2
2378,0
2379,0
2380,1
2381,4
2382,2
2383,4
2384,3
2385,0
2386,1
2387,2
2388,0
2389,1
2390,4
2391,1
2392,5
2393,2
2394,1
2395,1
2396,3
2397,1
2398,3
2399,0
2400,3
2401,3
2402,4
2403,0
2404,1
2405,1
2406,4
2407,4
2408,0
2409,1
2410,0
2411,2
2412,3
2413,2
2414,4
2415,0
2416,4
2417,1
2418,4
2419,2
2420,0
2421,0
2422,1
2423,3
2424,5
2425,1
2426,1
2427,1
2428,5
2429,0
2430,0
2431,0
2432,1
2433,0
2434,3
2435,4
2436,4
2437,4
2438,0
2439,0
2440,1
2441,3
2442,4
2443,1
2444,0
2445,5
2446,4
2447,4
2448,0
2449,2
2450,0
2451,3
2452,3
2453,2
2454,1
2455,2
2456,3
2457,0
2458,3
2459,5
2460,3
2461,0
2462,5
2463,3
2464,1
2465,1
2466,1
2467,3
2468,3
2469,0
2470,4
2471,3
2472,1
2473,3
2474,0
2475,4
2476,3
2477,0
2478,0
2479,4
2480,0
2481,1
2482,0
2483,3
2484,2
2485,3
2486,1
2487,4
2488,3
2489,2
2490,3
2491,0
2492,0
2493,4
2494,1
2495,1
2496,3
2497,2
2498,1
2499,1
2500,2
2501,3
2502,0
2503,1
2504,0
2505,5
2506,4
2507,5
2508,3
2509,3
2510,0
2511,4
2512,0
2513,1
2514,2
2515,1
2516,0
2517,3
2518,4
2519,1
2520,0
2521,2
2522,3
2523,1
2524,1
2525,0
2526,3
2527,1
2528,4
2529,5
2530,2
2531,2
2532,0
2533,3
2534,3
2535,0
2536,1
2537,0
2538,2
2539,3
2540,3
2541,3
2542,1
2543,3
2544,0
2545,1
2546,0
2547,1
2548,1
2549,4
2550,3
2551,1
2552,2
2553,4
2554,4
2555,3
2556,3
2557,0
2558,4
2559,4
2560,0
2561,4
2562,3
2563,0
2564,4
2565,3
2566,1
2567,1
2568,3
2569,3
2570,4
2571,1
2572,5
2573,3
2574,3
2575,2
2576,0
2577,3
2578,0
2579,2
2580,0
2581,4
2582,2
2583,1
2584,0
2585,3
2586,0
2587,5
2588,4
2589,4
2590,1
2591,1
2592,0
2593,0
2594,1
2595,4
2596,5
2597,5
2598,3
2599,4
2600,1
2601,1
2602,0
2603,5
2604,3
2605,4
2606,1
2607,1
2608,0
2609,2
2610,3
2611,1
2612,1
2613,3
2614,0
2615,3
2616,1
2617,3
2618,2
2619,5
2620,3
2621,4
2622,1
2623,1
2624,0
2625,5
2626,4
2627,5
2628,3
2629,5
2630,5
2631,3
2632,1
2633,0
2634,3
2635,3
2636,1
2637,2
2638,1
2639,0
2640,3
2641,1
2642,3
2643,5
2644,5
2645,2
2646,1
2647,2
2648,0
2649,5
2650,3
2651,0
2652,2
2653,1
2654,3
2655,0
2656,0
2657,4
2658,2
2659,5
2660,3
2661,3
2662,0
2663,1
2664,2
2665,2
2666,3
2667,1
2668,3
2669,0
2670,2
2671,5
2672,4
2673,4
2674,3
2675,0
2676,0
2677,0
2678,2
2679,3
2680,1
2681,1
2682,0
2683,0
2684,0
2685,1
2686,1
2687,0
2688,3
2689,1
2690,3
2691,0
2692,1
2693,0
2694,0
2695,0
2696,0
2697,0
2698,1
2699,0
2700,1
2701,4
2702,4
2703,3
2704,0
2705,4
2706,2
2707,4
2708,5
2709,0
2710,0
2711,2
2712,0
2713,0
2714,0
2715,0
2716,1
2717,0
2718,4
2719,4
2720,0
2721,5
2722,1
2723,3
2724,2
2725,3
2726,1
2727,2
2728,0
2729,1
2730,2
2731,3
2732,5
2733,3
2734,3
2735,4
2736,4
2737,1
2738,1
2739,5
2740,3
2741,1
2742,3
2743,1
2744,1
2745,4
2746,0
2747,0
2748,0
2749,4
2750,1
2751,0
2752,3
2753,3
2754,0
2755,3
2756,1
2757,3
2758,3
2759,0
2760,5
2761,2
2762,3
2763,0
2764,0
2765,0
2766,0
2767,1
2768,1
2769,4
2770,3
2771,1
2772,0
2773,3
2774,0
2775,2
2776,1
2777,0
2778,0
2779,0
2780,3
2781,0
2782,1
2783,3
2784,4
2785,3
2786,5
2787,3
2788,3
2789,0
2790,3
2791,1
2792,0
2793,0
2794,3
2795,2
2796,5
2797,1
2798,3
2799,0
2800,0
2801,2
2802,3
2803,1
2804,2
2805,0
2806,5
2807,5
2808,2
2809,4
2810,1
2811,3
2812,3
2813,4
2814,5
2815,0
2816,1
2817,0
2818,0
2819,3
2820,4
2821,2
2822,1
2823,3
2824,5
2825,3
2826,4
2827,1
2828,4
2829,3
2830,0
2831,5
2832,0
2833,3
2834,3
2835,3
2836,0
2837,3
2838,4
2839,1
2840,1
2841,3
2842,3
2843,0
2844,1
2845,1
2846,0
2847,1
2848,4
2849,1
2850,0
2851,3
2852,2
2853,4
2854,1
2855,0
2856,5
2857,3
2858,4
2859,0
2860,5
2861,0
2862,0
2863,1
2864,5
2865,2
2866,1
2867,4
2868,1
2869,3
2870,4
2871,1
2872,1
2873,0
2874,2
2875,1
2876,3
2877,3
2878,3
2879,3
2880,4
2881,0
2882,0
2883,5
2884,1
2885,1
2886,4
2887,1
2888,3
2889,3
2890,3
2891,4
2892,0
2893,0
2894,3
2895,2
2896,3
2897,3
2898,0
2899,5
2900,1
2901,2
2902,3
2903,0
2904,3
2905,5
2906,2
2907,2
2908,4
2909,1
2910,0
2911,1
2912,3
2913,0
2914,4
2915,0
2916,5
2917,5
2918,3
2919,3
2920,0
2921,0
2922,1
2923,2
2924,5
2925,1
2926,2
2927,3
2928,5
2929,1
2930,0
2931,4
2932,2
2933,1
2934,0
2935,0
2936,4
2937,0
2938,1
2939,0
2940,2
2941,0
2942,2
2943,1
2944,4
2945,0
2946,3
2947,3
2948,3
2949,0
2950,0
2951,0
2952,1
2953,0
2954,3
2955,3
2956,1
2957,1
2958,4
2959,2
2960,0
2961,2
2962,0
2963,1
2964,1
2965,4
2966,0
2967,2
2968,1
2969,0
2970,4
2971,5
2972,3
2973,3
2974,2
2975,0
2976,0
2977,1
2978,2
2979,3
2980,0
2981,0
2982,2
2983,0
2984,3
2985,0
2986,1
2987,2
2988,2
2989,2
2990,2
2991,3
2992,2
2993,5
2994,4
2995,3
2996,3
2997,3
2998,1
2999,3
3000,4
3001,0
3002,3
3003,4
3004,0
3005,3
3006,1
3007,2
3008,2
3009,0
3010,1
3011,0
3012,5
3013,0
3014,1
3015,3
3016,5
3017,1
3018,0
3019,3
3020,3
3021,3
3022,1
3023,4
3024,1
3025,0
3026,2
3027,3
3028,3
3029,0
3030,2
3031,3
3032,0
3033,0
3034,3
3035,3
3036,4
3037,4
3038,1
3039,0
3040,1
3041,5
3042,3
3043,0
3044,2
3045,0
3046,5
3047,2
3048,3
3049,5
3050,5
3051,4
3052,3
3053,1
3054,3
3055,0
3056,4
3057,3
3058,3
3059,2
3060,3
3061,1
3062,4
3063,5
3064,4
3065,0
3066,1
3067,4
3068,0
3069,0
3070,4
3071,5
3072,0
3073,3
3074,3
3075,3
3076,5
3077,3
3078,0
3079,0
3080,5
3081,5
3082,0
3083,1
3084,2
3085,2
3086,0
3087,3
3088,1
3089,4
3090,3
3091,3
3092,3
3093,0
3094,1
3095,3
3096,3
3097,3
3098,0
3099,4
3100,0
3101,0
3102,1
3103,3
3104,3
3105,3
3106,0
3107,0
3108,0
3109,1
3110,0
3111,2
3112,2
3113,2
3114,1
3115,0
3116,3
3117,0
3118,4
3119,0
3120,1
3121,4
3122,1
3123,3
3124,3
3125,1
3126,0
3127,5
3128,3
3129,0
3130,5
3131,3
3132,3
3133,1
3134,0
3135,0
3136,1
3137,4
3138,1
3139,3
3140,3
3141,0
3142,3
3143,1
3144,1
3145,0
3146,3
3147,0
3148,1
3149,0
3150,0
3151,0
3152,3
3153,4
3154,3
3155,3
3156,0
3157,0
3158,1
3159,3
3160,3
3161,0
3162,3
3163,2
3164,1
3165,1
3166,1
3167,4
3168,0
3169,4
3170,3
3171,4
3172,0
3173,0
3174,1
3175,1
3176,4
3177,1
3178,5
3179,4
3180,1
3181,0
3182,2
3183,3
3184,5
3185,0
3186,3
3187,3
3188,0
3189,1
3190,4
3191,3
3192,0
3193,3
3194,4
3195,4
3196,1
3197,3
3198,0
3199,1
3200,3
3201,0
3202,2
3203,3
3204,1
3205,3
3206,3
3207,0
3208,2
3209,0
3210,3
3211,1
3212,1
3213,0
3214,2
3215,0
3216,3
3217,1
3218,0
3219,0
3220,3
3221,2
3222,3
3223,0
3224,0
3225,1
3226,0
3227,3
3228,1
3229,3
3230,4
3231,0
3232,3
3233,0
3234,1
3235,0
3236,0
3237,0
3238,4
3239,2
3240,0
3241,3
3242,4
3243,0
3244,0
3245,3
3246,4
3247,3
3248,1
3249,1
3250,0
3251,3
3252,4
3253,1
3254,3
3255,2
3256,0
3257,0
3258,2
3259,2
3260,0
3261,3
3262,0
3263,5
3264,3
3265,0
3266,1
3267,3
3268,0
3269,4
3270,4
3271,2
3272,0
3273,2
3274,1
3275,1
3276,1
3277,3
3278,1
3279,0
3280,3
3281,4
3282,4
3283,0
3284,4
3285,0
3286,5
3287,1
3288,4
3289,2
3290,0
3291,1
3292,1
3293,1
3294,4
3295,3
3296,1
3297,2
3298,2
3299,5
3300,2
3301,1
3302,3
3303,3
3304,2
3305,0
3306,3
3307,3
3308,2
3309,0
3310,5
3311,5
3312,3
3313,0
3314,0
3315,4
3316,1
3317,3
3318,3
3319,0
3320,0
3321,3
3322,2
3323,0
3324,5
3325,0
3326,1
3327,0
3328,4
3329,0
3330,3
3331,0
3332,3
3333,4
3334,2
3335,0
3336,2
3337,1
3338,3
3339,0
3340,1
3341,5
3342,1
3343,1
3344,3
3345,4
3346,4
3347,0
3348,1
3349,0
3350,1
3351,3
3352,0
3353,3
3354,0
3355,1
3356,2
3357,1
3358,4
3359,0
3360,1
3361,1
3362,5
3363,3
3364,0
3365,2
3366,4
3367,1
3368,3
3369,0
3370,2
3371,5
3372,4
3373,5
3374,2
3375,2
3376,3
3377,0
3378,0
3379,1
3380,3
3381,3
3382,1
3383,0
3384,3
3385,0
3386,1
3387,4
3388,0
3389,0
3390,4
3391,3
3392,3
3393,3
3394,0
3395,3
3396,3
3397,1
3398,1
3399,0
3400,0
3401,3
3402,3
3403,1
3404,5
3405,2
3406,1
3407,0
3408,0
3409,3
3410,3
3411,3
3412,1
3413,3
3414,4
3415,0
3416,5
3417,2
3418,1
3419,0
3420,2
3421,0
3422,1
3423,1
3424,2
3425,3
3426,3
3427,5
3428,0
3429,1
3430,1
3431,2
3432,3
3433,5
3434,1
3435,3
3436,5
3437,0
3438,4
3439,2
3440,2
3441,0
3442,4
3443,0
3444,4
3445,3
3446,1
3447,3
3448,0
3449,1
3450,4
3451,0
3452,3
3453,3
3454,3
3455,3
3456,0
3457,2
3458,3
3459,1
3460,3
3461,2
3462,5
3463,1
3464,1
3465,5
3466,3
3467,1
3468,0
3469,3
3470,1
3471,0
3472,5
3473,0
3474,2
3475,3
3476,0
3477,3
3478,3
3479,1
3480,0
3481,2
3482,1
3483,5
3484,1
3485,0
3486,2
3487,0
3488,1
3489,1
3490,0
3491,0
3492,2
3493,1
3494,3
3495,3
3496,3
3497,0
3498,1
3499,2
3500,0
3501,0
3502,0
3503,1
3504,0
3505,5
3506,1
3507,1
3508,4
3509,1
3510,0
3511,4
3512,0
3513,1
3514,4
3515,0
3516,3
3517,4
3518,1
3519,0
3520,3
3521,0
3522,0
3523,3
3524,3
3525,2
3526,4
3527,0
3528,3
3529,4
3530,3
3531,0
3532,1
3533,0
3534,5
3535,2
3536,0
3537,3
3538,2
3539,3
3540,1
3541,1
3542,5
3543,3
3544,1
3545,5
3546,3
3547,0
3548,3
3549,1
3550,4
3551,4
3552,2
3553,3
3554,0
3555,3
3556,1
3557,3
3558,3
3559,0
3560,0
3561,0
3562,1
3563,0
3564,3
3565,3
3566,0
3567,0
3568,2
3569,3
3570,5
3571,0
3572,1
3573,4
3574,3
3575,0
3576,0
3577,3
3578,4
3579,3
3580,3
3581,1
3582,2
3583,3
3584,0
3585,2
3586,2
3587,0
3588,3
3589,0
3590,1
3591,0
3592,1
3593,5
3594,3
3595,5
3596,3
3597,3
3598,1
3599,0
3600,4
3601,1
3602,1
3603,4
3604,0
3605,3
3606,3
3607,1
3608,0
3609,3
3610,3
3611,4
3612,1
3613,3
3614,5
3615,0
3616,1
3617,3
3618,4
3619,0
3620,1
3621,0
3622,0
3623,4
3624,0
3625,0
3626,3
3627,3
3628,1
3629,4
3630,3
3631,1
3632,4
3633,3
3634,2
3635,0
3636,1
3637,1
3638,1
3639,0
3640,0
3641,5
3642,1
3643,1
3644,0
3645,3
3646,4
3647,3
3648,2
3649,5
3650,2
3651,1
3652,1
3653,1
3654,1
3655,0
3656,5
3657,3
3658,2
3659,1
3660,5
3661,1
3662,2
3663,1
3664,0
3665,2
3666,3
3667,1
3668,1
3669,1
3670,5
3671,1
3672,2
3673,0
3674,5
3675,1
3676,1
3677,0
3678,0
3679,4
3680,0
3681,2
3682,3
3683,3
3684,5
3685,4
3686,0
3687,0
3688,2
3689,4
3690,1
3691,4
3692,4
3693,1
3694,0
3695,0
3696,1
3697,0
3698,2
3699,4
3700,0
3701,3
3702,1
3703,0
3704,1
3705,3
3706,2
3707,1
3708,0
3709,0
3710,4
3711,0
3712,0
3713,2
3714,5
3715,1
3716,0
3717,1
3718,3
3719,1
3720,0
3721,1
3722,3
3723,2
3724,2
3725,3
3726,0
3727,1
3728,1
3729,1
3730,0
3731,3
3732,4
3733,0
3734,1
3735,0
3736,0
3737,0
3738,3
3739,1
3740,0
3741,0
3742,4
3743,0
3744,1
3745,3
3746,4
3747,4
3748,1
3749,3
3750,0
3751,3
3752,3
3753,3
3754,3
3755,0
3756,5
3757,1
3758,1
3759,1
3760,4
3761,0
3762,0
3763,0
3764,0
3765,1
3766,1
3767,1
3768,4
3769,0
3770,0
3771,1
3772,0
3773,1
3774,0
3775,3
3776,0
3777,5
3778,5
3779,0
3780,2
3781,0
3782,2
3783,3
3784,2
3785,1
3786,0
3787,0
3788,0
3789,5
3790,0
3791,1
3792,3
3793,1
3794,0
3795,1
3796,0
3797,0
3798,4
3799,0
3800,3
3801,5
3802,5
3803,3
3804,0
3805,3
3806,3
3807,4
3808,3
3809,0
3810,2
3811,1
3812,5
3813,0
3814,2
3815,2
3816,3
3817,4
3818,5
3819,2
3820,3
3821,1
3822,1
3823,2
3824,3
3825,1
3826,2
3827,0
3828,0
3829,0
3830,0
3831,0
3832,1
3833,0
3834,1
3835,0
3836,4
3837,0
3838,4
3839,0
3840,4
3841,3
3842,0
3843,1
3844,2
3845,3
3846,5
3847,3
3848,3
3849,1
3850,1
3851,3
3852,0
3853,2
3854,2
3855,5
3856,0
3857,0
3858,2
3859,0
3860,4
3861,0
3862,1
3863,0
3864,2
3865,1
3866,2
3867,3
3868,0
3869,0
3870,1
3871,2
3872,3
3873,3
3874,3
3875,0
3876,0
3877,3
3878,1
3879,4
3880,1
3881,1
3882,1
3883,3
3884,4
3885,5
3886,5
3887,1
3888,5
3889,2
3890,0
3891,5
3892,5
3893,3
3894,0
3895,5
3896,3
3897,0
3898,0
3899,1
3900,1
3901,0
3902,3
3903,0
3904,3
3905,3
3906,3
3907,3
3908,1
3909,1
3910,0
3911,2
3912,1
3913,3
3914,3
3915,3
3916,0
3917,1
3918,3
3919,0
3920,1
3921,4
3922,0
3923,0
3924,0
3925,5
3926,0
3927,4
3928,0
3929,1
3930,0
3931,5
3932,0
3933,3
3934,0
3935,0
3936,1
3937,3
3938,1
3939,5
3940,0
3941,0
3942,1
3943,1
3944,2
3945,3
3946,0
3947,3
3948,1
3949,2
3950,0
3951,1
3952,0
3953,2
3954,5
3955,4
3956,5
3957,3
3958,1
3959,0
3960,1
3961,0
3962,0
3963,0
3964,1
3965,1
3966,3
3967,3
3968,0
3969,4
3970,3
3971,3
3972,0
3973,3
3974,1
3975,3
3976,1
3977,3
3978,0
3979,1
3980,0
3981,3
3982,4
3983,1
3984,0
3985,3
3986,1
3987,5
3988,3
3989,0
3990,1
3991,4
3992,3
3993,3
3994,4
3995,4
3996,0
3997,1
3998,0
3999,0
4000,0
4001,4
4002,3
4003,3
4004,1
4005,5
4006,3
4007,1
4008,1
4009,2
4010,4
4011,0
4012,0
4013,5
4014,4
4015,1
4016,1
4017,3
4018,0
4019,0
4020,0
4021,3
4022,2
4023,5
4024,3
4025,1
4026,4
4027,0
4028,1
4029,2
4030,3
4031,0
4032,1
4033,5
4034,0
4035,0
4036,4
4037,2
4038,5
4039,3
4040,0
4041,0
4042,0
4043,1
4044,0
4045,4
4046,5
4047,0
4048,3
4049,0
4050,1
4051,1
4052,0
4053,2
4054,0
4055,4
4056,0
4057,3
4058,0
4059,5
4060,5
4061,2
4062,2
4063,0
4064,0
4065,1
4066,2
4067,0
4068,1
4069,2
4070,2
4071,0
4072,5
4073,3
4074,2
4075,0
4076,3
4077,1
4078,3
4079,3
4080,1
4081,1
4082,3
4083,4
4084,2
4085,0
4086,3
4087,1
4088,1
4089,1
4090,3
4091,0
4092,1
4093,0
4094,1
4095,1
4096,0
4097,4
4098,0
4099,3
4100,0
4101,4
4102,2
4103,0
4104,3
4105,3
4106,0
4107,3
4108,4
4109,4
4110,1
4111,3
4112,1
4113,0
4114,3
4115,0
4116,4
4117,0
4118,0
4119,1
4120,1
4121,0
4122,1
4123,1
4124,3
4125,0
4126,0
4127,0
4128,1
4129,1
4130,4
4131,3
4132,0
4133,0
4134,3
4135,2
4136,1
4137,1
4138,2
4139,0
4140,0
4141,0
4142,3
4143,3
4144,0
4145,1
4146,0
4147,2
4148,4
4149,1
4150,0
4151,1
4152,0
4153,2
4154,3
4155,3
4156,3
4157,1
4158,2
4159,5
4160,1
4161,1
4162,0
4163,0
4164,3
4165,0
4166,3
4167,0
4168,0
4169,3
4170,3
4171,3
4172,1
4173,0
4174,1
4175,0
4176,2
4177,5
4178,3
4179,4
4180,0
4181,2
4182,5
4183,1
4184,3
4185,4
4186,3
4187,0
4188,3
4189,3
4190,3
4191,3
4192,1
4193,0
4194,0
4195,1
4196,3
4197,0
4198,3
4199,3
4200,3
4201,1
4202,1
4203,0
4204,0
4205,0
4206,0
4207,0
4208,5
4209,5
4210,1
4211,0
4212,3
4213,5
4214,1
4215,0
4216,0
4217,0
4218,1
4219,0
4220,0
4221,1
4222,3
4223,1
4224,3
4225,0
4226,2
4227,3
4228,1
4229,5
4230,0
4231,4
4232,0
4233,1
4234,1
4235,0
4236,1
4237,3
4238,4
4239,5
4240,3
4241,0
4242,0
4243,0
4244,5
4245,0
4246,0
4247,3
4248,2
4249,0
4250,1
4251,1
4252,0
4253,3
4254,3
4255,3
4256,2
4257,1
4258,2
4259,0
4260,1
4261,2
4262,1
4263,5
4264,3
4265,3
4266,3
4267,1
4268,0
4269,4
4270,1
4271,3
4272,0
4273,3
4274,4
4275,0
4276,4
4277,1
4278,5
4279,5
4280,4
4281,1
4282,0
4283,3
4284,0
4285,3
4286,0
4287,0
4288,3
4289,3
4290,3
4291,4
4292,3
4293,1
4294,4
4295,3
4296,2
4297,0
4298,0
4299,1
4300,3
4301,4
4302,3
4303,0
4304,2
4305,1
4306,4
4307,3
4308,0
4309,2
4310,5
4311,4
4312,0
4313,2
4314,0
4315,3
4316,0
4317,0
4318,0
4319,3
4320,3
4321,0
4322,1
4323,0
4324,3
4325,1
4326,3
4327,1
4328,0
4329,4
4330,1
4331,1
4332,0
4333,1
4334,4
4335,3
4336,3
4337,2
4338,0
4339,3
4340,2
4341,5
4342,4
4343,1
4344,1
4345,4
4346,1
4347,3
4348,5
4349,4
4350,2
4351,0
4352,4
4353,0
4354,4
4355,1
4356,2
4357,4
4358,4
4359,3
4360,0
4361,2
4362,1
4363,4
4364,1
4365,0
4366,1
4367,1
4368,0
4369,3
4370,2
4371,0
4372,1
4373,2
4374,2
4375,5
4376,3
4377,2
4378,3
4379,1
4380,3
4381,1
4382,0
4383,1
4384,1
4385,0
4386,3
4387,0
4388,1
4389,2
4390,1
4391,4
4392,5
4393,0
4394,0
4395,2
4396,5
4397,5
4398,2
4399,0
4400,4
4401,3
4402,1
4403,4
4404,1
4405,1
4406,0
4407,3
4408,1
4409,1
4410,2
4411,0
4412,1
4413,3
4414,1
4415,0
4416,4
4417,0
4418,4
4419,4
4420,3
4421,3
4422,0
4423,1
4424,3
4425,1
4426,1
4427,3
4428,0
4429,5
4430,5
4431,0
4432,1
4433,2
4434,4
4435,2
4436,4
4437,0
4438,3
4439,1
4440,0
4441,0
4442,3
4443,1
4444,2
4445,1
4446,1
4447,5
4448,5
4449,0
4450,1
4451,0
4452,1
4453,2
4454,0
4455,0
4456,0
4457,2
4458,2
4459,1
4460,0
4461,0
4462,3
4463,0
4464,5
4465,4
4466,5
4467,0
4468,0
4469,2
4470,2
4471,4
4472,1
4473,1
4474,0
4475,0
4476,5
4477,1
4478,0
4479,2
4480,0
4481,0
4482,3
4483,0
4484,3
4485,4
4486,3
4487,4
4488,2
4489,0
4490,3
4491,4
4492,0
4493,0
4494,0
4495,2
4496,0
4497,2
4498,1
4499,0
4500,0
4501,1
4502,3
4503,0
4504,3
4505,4
4506,4
4507,3
4508,1
4509,3
4510,1
4511,4
4512,3
4513,3
4514,3
4515,0
4516,2
4517,2
4518,3
4519,0
4520,3
4521,0
4522,0
4523,0
4524,3
4525,4
4526,0
4527,1
4528,3
4529,0
4530,4
4531,4
4532,0
4533,3
4534,4
4535,1
4536,3
4537,1
4538,1
4539,5
4540,1
4541,4
4542,3
4543,5
4544,3
4545,2
4546,0
4547,2
4548,3
4549,5
4550,0
4551,2
4552,5
4553,3
4554,3
4555,1
4556,2
4557,2
4558,4
4559,0
4560,3
4561,2
4562,4
4563,1
4564,3
4565,0
4566,1
4567,1
4568,3
4569,3
4570,1
4571,1
4572,0
4573,1
4574,2
4575,4
4576,3
4577,2
4578,1
4579,2
4580,1
4581,1
4582,0
4583,4
4584,0
4585,5
4586,4
4587,2
4588,4
4589,0
4590,0
4591,3
4592,1
4593,5
4594,2
4595,5
4596,2
4597,0
4598,2
4599,0
4600,4
4601,2
4602,3
4603,4
4604,3
4605,0
4606,2
4607,3
4608,0
4609,3
4610,1
4611,5
4612,3
4613,3
4614,4
4615,1
4616,0
4617,4
4618,3
4619,4
4620,1
4621,1
4622,1
4623,2
4624,4
4625,2
4626,5
4627,3
4628,1
4629,1
4630,3
4631,4
4632,3
4633,2
4634,4
4635,3
4636,0
4637,0
4638,3
4639,5
4640,3
4641,5
4642,1
4643,0
4644,1
4645,1
4646,0
4647,3
4648,1
4649,3
4650,0
4651,0
4652,3
4653,0
4654,5
4655,3
4656,0
4657,5
4658,0
4659,0
4660,1
4661,0
4662,5
4663,0
4664,1
4665,0
4666,1
4667,1
4668,3
4669,3
4670,0
4671,0
4672,3
4673,3
4674,4
4675,3
4676,3
4677,0
4678,0
4679,1
4680,0
4681,0
4682,0
4683,2
4684,0
4685,1
4686,1
4687,3
4688,0
4689,5
4690,4
4691,4
4692,5
4693,0
4694,4
4695,1
4696,1
4697,4
4698,1
4699,2
4700,1
4701,1
4702,0
4703,1
4704,5
4705,1
4706,3
4707,0
4708,1
4709,4
4710,0
4711,0
4712,5
4713,1
4714,0
4715,3
4716,2
4717,3
4718,0
4719,1
4720,4
4721,0
4722,2
4723,4
4724,1
4725,2
4726,3
4727,0
4728,5
4729,5
4730,1
4731,1
4732,3
4733,0
4734,1
4735,2
4736,4
4737,3
4738,4
4739,4
4740,1
4741,0
4742,1
4743,3
4744,0
4745,1
4746,1
4747,0
4748,5
4749,0
4750,0
4751,0
4752,1
4753,0
4754,3
4755,3
4756,3
4757,1
4758,0
4759,0
4760,3
4761,2
4762,1
4763,0
4764,2
4765,0
4766,3
4767,5
4768,0
4769,3
4770,1
4771,2
4772,1
4773,0
4774,3
4775,1
4776,4
4777,3
4778,3
4779,1
4780,0
4781,0
4782,5
4783,1
4784,0
4785,4
4786,2
4787,0
4788,0
4789,1
4790,0
4791,4
4792,0
4793,0
4794,1
4795,2
4796,1
4797,1
4798,1
4799,1
4800,3
4801,4
4802,2
4803,0
4804,0
4805,4
4806,1
4807,2
4808,0
4809,0
4810,2
4811,0
4812,5
4813,4
4814,3
4815,4
4816,3
4817,1
4818,3
4819,4
4820,0
4821,3
4822,2
4823,0
4824,2
4825,4
4826,3
4827,0
4828,0
4829,2
4830,0
4831,0
4832,1
4833,2
4834,1
4835,5
4836,1
4837,4
4838,3
4839,4
4840,1
4841,3
4842,0
4843,3
4844,3
4845,0
4846,3
4847,1
4848,2
4849,4
4850,4
4851,3
4852,1
4853,3
4854,4
4855,0
4856,3
4857,3
4858,5
4859,1
4860,3
4861,1
4862,3
4863,0
4864,3
4865,0
4866,3
4867,4
4868,0
4869,0
4870,5
4871,0
4872,0
4873,0
4874,4
4875,0
4876,4
4877,3
4878,1
4879,3
4880,0
4881,1
4882,0
4883,1
4884,2
4885,3
4886,4
4887,5
4888,4
4889,1
4890,0
4891,2
4892,3
4893,3
4894,4
4895,3
4896,5
4897,1
4898,3
4899,3
4900,2
4901,3
4902,0
4903,2
4904,1
4905,4
4906,5
4907,1
4908,3
4909,1
4910,2
4911,0
4912,0
4913,0
4914,0
4915,3
4916,3
4917,0
4918,3
4919,1
4920,3
4921,4
4922,0
4923,0
4924,1
4925,5
4926,1
4927,0
4928,5
4929,3
4930,0
4931,3
4932,3
4933,3
4934,4
4935,0
4936,1
4937,0
4938,0
4939,3
4940,4
4941,4
4942,1
4943,0
4944,3
4945,0
4946,2
4947,0
4948,1
4949,0
4950,1
4951,0
4952,0
4953,3
4954,0
4955,3
4956,1
4957,3
4958,0
4959,1
4960,3
4961,0
4962,3
4963,3
4964,3
4965,1
4966,0
4967,0
4968,2
4969,0
4970,5
4971,0
4972,2
4973,1
4974,4
4975,0
4976,0
4977,1
4978,2
4979,2
4980,1
4981,3
4982,0
4983,1
4984,1
4985,0
4986,3
4987,3
4988,0
4989,4
4990,0
4991,3
4992,4
4993,3
4994,0
4995,3
4996,0
4997,0
4998,3
4999,5
5000,3
5001,1
5002,2
5003,2
5004,4
5005,0
5006,0
5007,1
5008,1
5009,0
5010,0
5011,0
5012,4
5013,4
5014,2
5015,3
5016,2
5017,4
5018,4
5019,3
5020,2
5021,1
5022,1
5023,2
5024,0
5025,0
5026,1
5027,4
5028,1
5029,1
5030,3
5031,0
5032,0
5033,3
5034,1
5035,1
5036,1
5037,1
5038,0
5039,5
5040,3
5041,0
5042,4
5043,0
5044,2
5045,5
5046,3
5047,0
5048,0
5049,0
5050,1
5051,0
5052,4
5053,1
5054,1
5055,0
5056,5
5057,4
5058,0
5059,0
5060,0
5061,0
5062,0
5063,3
5064,4
5065,2
5066,0
5067,1
5068,0
5069,0
5070,0
5071,2
5072,2
5073,0
5074,4
5075,5
5076,0
5077,0
5078,1
5079,4
5080,0
5081,0
5082,2
5083,0
5084,2
5085,3
5086,3
5087,2
5088,3
5089,0
5090,4
5091,1
5092,1
5093,1
5094,1
5095,3
5096,0
5097,3
5098,1
5099,1
5100,0
5101,0
5102,0
5103,2
5104,1
5105,0
5106,0
5107,0
5108,4
5109,3
5110,0
5111,5
5112,5
5113,3
5114,3
5115,2
5116,0
5117,1
5118,4
5119,0
5120,3
5121,3
5122,4
5123,0
5124,2
5125,2
5126,3
5127,3
5128,2
5129,1
5130,3
5131,3
5132,2
5133,3
5134,1
5135,4
5136,1
5137,2
5138,1
5139,1
5140,2
5141,2
5142,4
5143,2
5144,3
5145,3
5146,1
5147,5
5148,0
5149,1
5150,0
5151,0
5152,0
5153,3
5154,1
5155,1
5156,0
5157,0
5158,3
5159,3
5160,3
5161,0
5162,5
5163,3
5164,1
5165,3
5166,0
5167,1
5168,3
5169,1
5170,1
5171,0
5172,1
5173,0
5174,1
5175,0
5176,2
5177,0
5178,3
5179,5
5180,4
5181,0
5182,1
5183,0
5184,0
5185,0
5186,1
5187,1
5188,5
5189,3
5190,1
5191,0
5192,2
5193,2
5194,0
5195,2
5196,0
5197,3
5198,0
5199,0
5200,3
5201,0
5202,0
5203,3
5204,3
5205,0
5206,1
5207,1
5208,5
5209,4
5210,2
5211,0
5212,4
5213,1
5214,0
5215,1
5216,3
5217,5
5218,1
5219,0
5220,0
5221,1
5222,3
5223,2
5224,4
5225,5
5226,1
5227,3
5228,2
5229,0
5230,0
5231,0
5232,0
5233,2
5234,3
5235,0
5236,0
5237,0
5238,3
5239,4
5240,3
5241,0
5242,3
5243,0
5244,0
5245,5
5246,0
5247,4
5248,4
5249,0
5250,1
5251,0
5252,0
5253,2
5254,0
5255,0
5256,0
5257,3
5258,3
5259,2
5260,1
5261,0
5262,0
5263,1
5264,0
5265,0
5266,0
5267,1
5268,0
5269,2
5270,0
5271,0
5272,3
5273,3
5274,0
5275,2
5276,0
5277,3
5278,1
5279,0
5280,3
5281,4
5282,1
5283,1
5284,2
5285,1
5286,1
5287,5
5288,3
5289,0
5290,3
5291,5
5292,3
5293,3
5294,4
5295,1
5296,3
5297,3
5298,3
5299,3
5300,3
5301,3
5302,1
5303,2
5304,0
5305,0
5306,3
5307,0
5308,4
5309,0
5310,5
5311,0
5312,1
5313,0
5314,3
5315,0
5316,0
5317,3
5318,3
5319,3
5320,1
5321,1
5322,0
5323,0
5324,0
5325,1
5326,1
5327,3
5328,1
5329,4
5330,2
5331,2
5332,1
5333,3
5334,2
5335,2
5336,2
5337,4
5338,3
5339,5
5340,3
5341,4
5342,2
5343,0
5344,0
5345,1
5346,0
5347,1
5348,3
5349,3
5350,0
5351,0
5352,3
5353,2
5354,1
5355,3
5356,5
5357,1
5358,1
5359,3
5360,0
5361,1
5362,3
5363,3
5364,1
5365,1
5366,0
5367,0
5368,4
5369,0
5370,0
5371,5
5372,3
5373,2
5374,2
5375,3
5376,0
5377,1
5378,2
5379,0
5380,0
5381,4
5382,0
5383,0
5384,2
5385,3
5386,0
5387,0
5388,0
5389,0
5390,1
5391,0
5392,3
5393,0
5394,5
5395,2
5396,1
5397,0
5398,0
5399,4
5400,5
5401,3
5402,1
5403,3
5404,3
5405,1
5406,3
5407,1
5408,4
5409,3
5410,5
5411,5
5412,4
5413,4
5414,0
5415,1
5416,0
5417,4
5418,3
5419,1
5420,1
5421,0
5422,1
5423,0
5424,1
5425,3
5426,1
5427,3
5428,0
5429,0
5430,0
5431,2
5432,1
5433,4
5434,0
5435,5
5436,3
5437,0
5438,1
5439,5
5440,5
5441,2
5442,1
5443,1
5444,0
5445,0
5446,0
5447,0
5448,1
5449,4
5450,4
5451,2
5452,0
5453,5
5454,0
5455,3
5456,0
5457,3
5458,4
5459,0
5460,1
5461,3
5462,0
5463,1
5464,0
5465,3
5466,0
5467,2
5468,0
5469,1
5470,3
5471,0
5472,3
5473,1
5474,2
5475,0
5476,0
5477,4
5478,2
5479,1
5480,5
5481,3
5482,3
5483,0
5484,0
5485,3
5486,5
5487,4
5488,5
5489,3
5490,1
5491,3
5492,3
5493,1
5494,3
5495,1
5496,3
5497,0
5498,5
5499,1
5500,1
5501,1
5502,3
5503,3
5504,3
5505,3
5506,3
5507,1
5508,2
5509,3
5510,1
5511,0
5512,1
5513,4
5514,2
5515,0
5516,0
5517,5
5518,3
5519,0
5520,4
5521,4
5522,1
5523,0
5524,0
5525,0
5526,2
5527,1
5528,1
5529,2
5530,1
5531,1
5532,4
5533,2
5534,1
5535,3
5536,3
5537,0
5538,3
5539,0
5540,2
5541,1
5542,1
5543,0
5544,0
5545,0
5546,0
5547,2
5548,3
5549,1
5550,3
5551,3
5552,4
5553,1
5554,4
5555,1
5556,3
5557,0
5558,1
5559,3
5560,0
5561,0
5562,5
5563,1
5564,0
5565,0
5566,0
5567,1
5568,2
5569,2
5570,1
5571,0
5572,2
5573,2
5574,4
5575,1
5576,3
5577,3
5578,5
5579,0
5580,5
5581,3
5582,1
5583,0
5584,0
5585,3
5586,2
5587,0
5588,1
5589,0
5590,5
5591,5
5592,3
5593,3
5594,1
5595,4
5596,2
5597,3
5598,1
5599,0
5600,2
5601,1
5602,0
5603,1
5604,1
5605,1
5606,3
5607,1
5608,1
5609,2
5610,3
5611,1
5612,1
5613,0
5614,0
5615,5
5616,5
5617,2
5618,1
5619,4
5620,2
5621,0
5622,0
5623,3
5624,2
5625,1
5626,3
5627,3
5628,5
5629,3
5630,2
5631,1
5632,1
5633,1
5634,0
5635,1
5636,0
5637,0
5638,0
5639,3
5640,0
5641,0
5642,5
5643,3
5644,0
5645,4
5646,4
5647,0
5648,0
5649,3
5650,4
5651,0
5652,3
5653,4
5654,2
5655,3
5656,4
5657,1
5658,5
5659,5
5660,3
5661,0
5662,0
5663,2
5664,0
5665,2
5666,2
5667,5
5668,2
5669,5
5670,5
5671,2
5672,3
5673,1
5674,4
5675,0
5676,5
5677,0
5678,1
5679,0
5680,3
5681,0
5682,2
5683,1
5684,0
5685,3
5686,3
5687,0
5688,4
5689,0
5690,0
5691,1
5692,3
5693,4
5694,3
5695,1
5696,2
5697,3
5698,0
5699,4
5700,5
5701,0
5702,0
5703,4
5704,0
5705,2
5706,4
5707,0
5708,1
5709,1
5710,3
5711,0
5712,0
5713,0
5714,3
5715,0
5716,0
5717,2
5718,0
5719,1
5720,0
5721,0
5722,3
5723,1
5724,0
5725,0
5726,1
5727,0
5728,0
5729,0
5730,0
5731,0
5732,3
5733,1
5734,2
5735,2
5736,3
5737,2
5738,0
5739,0
5740,1
5741,1
5742,4
5743,1
5744,4
5745,0
5746,3
5747,3
5748,0
5749,4
5750,4
5751,3
5752,5
5753,2
5754,5
5755,2
5756,0
5757,3
5758,0
5759,3
5760,4
5761,0
5762,3
5763,3
5764,0
5765,4
5766,1
5767,1
5768,5
5769,0
5770,1
5771,0
5772,4
5773,0
5774,2
5775,1
5776,2
5777,3
5778,2
5779,0
5780,4
5781,4
5782,1
5783,0
5784,4
5785,1
5786,4
5787,0
5788,5
5789,0
5790,0
5791,2
5792,3
5793,2
5794,3
5795,3
5796,2
5797,2
5798,2
5799,3
5800,0
5801,3
5802,3
5803,1
5804,0
5805,4
5806,0
5807,4
5808,0
5809,3
5810,0
5811,0
5812,3
5813,5
5814,2
5815,5
5816,1
5817,1
5818,0
5819,2
5820,1
5821,4
5822,2
5823,0
5824,0
5825,2
5826,1
5827,2
5828,1
5829,5
5830,3
5831,5
5832,2
5833,0
5834,3
5835,3
5836,0
5837,0
5838,1
5839,4
5840,4
5841,0
5842,0
5843,0
5844,3
5845,3
5846,3
5847,4
5848,0
5849,3
5850,1
5851,3
5852,3
5853,2
5854,0
5855,4
5856,1
5857,3
5858,2
5859,4
5860,0
5861,3
5862,1
5863,3
5864,4
5865,0
5866,4
5867,4
5868,3
5869,2
5870,3
5871,1
5872,0
5873,2
5874,0
5875,1
5876,1
5877,0
5878,0
5879,0
5880,1
5881,3
5882,1
5883,0
5884,0
5885,3
5886,1
5887,5
5888,2
5889,2
5890,4
5891,2
5892,3
5893,4
5894,3
5895,0
5896,0
5897,1
5898,3
5899,1
5900,0
5901,0
5902,0
5903,1
5904,2
5905,3
5906,4
5907,5
5908,0
5909,0
5910,0
5911,1
5912,0
5913,2
5914,4
5915,0
5916,0
5917,3
5918,3
5919,1
5920,0
5921,1
5922,3
5923,0
5924,3
5925,3
5926,1
5927,4
5928,1
5929,0
5930,1
5931,3
5932,1
5933,4
5934,4
5935,0
5936,0
5937,1
5938,3
5939,0
5940,4
5941,2
5942,2
5943,2
5944,2
5945,1
5946,0
5947,1
5948,1
5949,0
5950,2
5951,0
5952,1
5953,0
5954,0
5955,1
5956,3
5957,3
5958,1
5959,3
5960,5
5961,1
5962,5
5963,1
5964,1
5965,0
5966,3
5967,4
5968,2
5969,2
5970,3
5971,4
5972,2
5973,0
5974,3
5975,0
5976,0
5977,4
5978,3
5979,3
5980,3
5981,1
5982,3
5983,1
5984,3
5985,3
5986,2
5987,5
5988,3
5989,1
5990,4
5991,1
5992,1
5993,1
5994,3
5995,0
5996,2
5997,1
5998,3
5999,5
6000,5
6001,0
6002,0
6003,1
6004,0
6005,3
6006,5
6007,2
6008,0
6009,4
6010,0
6011,4
6012,1
6013,1
6014,1
6015,2
6016,3
6017,0
6018,0
6019,0
6020,3
6021,5
6022,3
6023,4
6024,1
6025,0
6026,0
6027,1
6028,3
6029,3
6030,4
6031,3
6032,2
6033,2
6034,3
6035,0
6036,1
6037,1
6038,5
6039,3
6040,3
6041,2
6042,1
6043,2
6044,3
6045,1
6046,1
6047,2
6048,3
6049,3
6050,1
6051,0
6052,4
6053,0
6054,1
6055,1
6056,4
6057,2
6058,1
6059,3
6060,1
6061,3
6062,0
6063,1
6064,3
6065,1
6066,0
6067,1
6068,3
6069,2
6070,0
6071,2
6072,3
6073,0
6074,0
6075,4
6076,2
6077,4
6078,1
6079,3
6080,3
6081,2
6082,4
6083,4
6084,0
6085,3
6086,4
6087,5
6088,2
6089,5
6090,3
6091,1
6092,1
6093,0
6094,0
6095,5
6096,2
6097,3
6098,1
6099,0
6100,0
6101,0
6102,0
6103,4
6104,4
6105,0
6106,3
6107,5
6108,5
6109,3
6110,1
6111,1
6112,0
6113,2
6114,0
6115,2
6116,1
6117,5
6118,0
6119,2
6120,3
6121,4
6122,4
6123,3
6124,5
6125,1
6126,0
6127,1
6128,1
6129,0
6130,3
6131,4
6132,1
6133,3
6134,0
6135,2
6136,5
6137,2
6138,2
6139,3
6140,3
6141,1
6142,3
6143,1
6144,0
6145,0
6146,0
6147,1
6148,0
6149,0
6150,3
6151,0
6152,2
6153,1
6154,0
6155,0
6156,1
6157,2
6158,0
6159,0
6160,0
6161,2
6162,0
6163,4
6164,1
6165,1
6166,4
6167,3
6168,4
6169,0
6170,1
6171,0
6172,0
6173,4
6174,5
6175,0
6176,3
6177,1
6178,0
6179,2
6180,3
6181,3
6182,0
6183,4
6184,1
6185,3
6186,0
6187,1
6188,0
6189,2
6190,0
6191,4
6192,4
6193,2
6194,5
6195,0
6196,0
6197,0
6198,1
6199,0
6200,1
6201,2
6202,2
6203,5
6204,1
6205,0
6206,4
6207,4
6208,1
6209,2
6210,0
6211,0
6212,1
6213,1
6214,4
6215,1
6216,3
6217,1
6218,4
6219,1
6220,0
6221,3
6222,3
6223,3
6224,4
6225,1
6226,3
6227,2
6228,2
6229,2
6230,0
6231,4
6232,0
6233,4
6234,0
6235,0
6236,3
6237,0
6238,1
6239,0
6240,1
6241,0
6242,5
6243,1
6244,2
6245,3
6246,0
6247,3
6248,3
6249,0
6250,1
6251,0
6252,3
6253,3
6254,1
6255,1
6256,1
6257,3
6258,5
6259,1
6260,2
6261,1
6262,1
6263,1
6264,1
6265,3
6266,0
6267,0
6268,2
6269,3
6270,0
6271,1
6272,3
6273,1
6274,3
6275,0
6276,2
6277,4
6278,3
6279,1
6280,0
6281,0
6282,0
6283,0
6284,0
6285,2
6286,4
6287,5
6288,0
6289,0
6290,1
